Title,URL,Duration,Annual Fees,Intake
"Associate Fellow of Industrial Health (AFIH)","https://www.srmist.edu.in/program/associate-fellowship-in-industrial-health-afih/","3 Months","100000","25"
"B.A. English","https://www.srmist.edu.in/program/b-a-english-2/","3 Years","75,000","40"
"B.A. Journalism and Mass Communication","https://www.srmist.edu.in/program/best-b-a-journalism-and-mass-communication-colleges-in-chennai/","3 Years","1,00,000","40"
"B.A.,LL.B. Bachelor of Arts and Legum Baccalaureus (Honours)","https://www.srmist.edu.in/program/bachelor-of-arts-and-legum-baccalaureus-honours/","5 Years","3,00,000","120"
"B.Arch. Architecture","https://www.srmist.edu.in/program/b-arch-bachelor-of-architecture/","5 Years","2,75,000","80"
"B.B.A.,LL.B. Bachelor of Business Administration and Legum Baccalareus (Honours)","https://www.srmist.edu.in/program/b-b-a-ll-b-bachelor-of-bussiness-administrarion-and-legum-baccalareus-honours/","5 Years","3,00,000","120"
"B.Com – Strategic Finance","https://www.srmist.edu.in/program/b-com-honors-strategic-finance/","3 Years","1,50,000","30"
"B.Com W/S Business Analytics","https://www.srmist.edu.in/program/b-com-w-s-business-analytics/","3 Years","2,00,000","60"
"B.Com. Accounting & Finance","https://www.srmist.edu.in/program/best-b-com-accounting-finance-colleges-chennai/","3 Years","1,25,000","130"
"B.Com. Banking, Financial Services, and Insurance","https://www.srmist.edu.in/program/b-com-hons-banking-financial-services-and-insurance/","3 years","1,50,000","60"
"B.Com. Computer Applications","https://www.srmist.edu.in/program/best-computer-applications-colleges-chennai-india/","3 years","150000","120"
"B.Com. Corporate Secretaryship","https://www.srmist.edu.in/program/best-b-com-corporate-secretaryship-colleges-in-chennai/","3 Years","1,25,000","60"
"B.Com. Finance and Taxation (Embedded with coaching for Chartered Accountant – CA)","https://www.srmist.edu.in/program/best-b-com-finance-and-taxation-colleges-chennai/","3 Years","1,50,000","60"
"B.Com. General","https://www.srmist.edu.in/program/best-b-com-commerce-colleges-tamil-nadu/","3 Years","1,25,000","180"
"B.Com. Information System and Management","https://www.srmist.edu.in/program/best-b-com-information-system-and-management-chennai/","3 Years","1,25,000","60"
"B.Com. International Accounting & Finance","https://www.srmist.edu.in/program/b-com-hons-international-accounting-finance/","3 Years","1,50,000","80"
"B.Com. Professional Accounting","https://www.srmist.edu.in/program/best-bcom-professional-accounting-degree-in-chennai/","3 Years","1,50,000","30"
"B.Com.,LL.B. Bachelor of Commerce and Legum Baccalaureus (Honours)","https://www.srmist.edu.in/program/bachelor-of-commerce-and-legum-baccalaureus-honours/","5 Years","3,00,000","120"
"B.Des. Interior Design","https://www.srmist.edu.in/program/b-desinterior-design/","4 Years","1,50,000","30"
"B.Ed. Biological Science","https://www.srmist.edu.in/program/b-ed-biological-science/","2 Years","75,000","50"
"B.Ed. Commerce & Accounting","https://www.srmist.edu.in/program/b-ed-commerce-accounting/","2 Years","75,000","50"
"B.Ed. Computer Science","https://www.srmist.edu.in/program/b-ed-computer-science/","2 Years","75,000","50"
"B.Ed. Economics","https://www.srmist.edu.in/program/b-ed-economics/","2 Years","75,000","50"
"B.Ed. English","https://www.srmist.edu.in/program/b-ed-english/","2 Years","75,000","50"
"B.Ed. Mathematics","https://www.srmist.edu.in/program/b-ed-mathematics/","2 Years","75,000","50"
"B.Ed. Physical Science","https://www.srmist.edu.in/program/b-ed-physical-science/","2 Years","75,000","50"
"B.Ed. Social Science","https://www.srmist.edu.in/program/b-ed-social-science/","2 Years","75,000","50"
"B.Ed. Tamil","https://www.srmist.edu.in/program/b-ed-tamil/","2 Years","75,000","50"
"B.P.T – Bachelor of Physiotherapy","https://www.srmist.edu.in/program/b-p-t-bachelor-of-physiotherapy/","5 Years (4 Years + 1 Year Internship)","2,10,000 ( Fee applicable per annum for 5 years)","120"
"B.Pharm. Pharmacy","https://www.srmist.edu.in/program/b-pharm-pharmacy/","4 Years","INR 2,25,000","100"
"B.S – Behavioral Psychology","https://www.srmist.edu.in/program/b-s-behavioral-psychology/","3 Years","2,00,000","60"
"B.S Fintech","https://www.srmist.edu.in/program/b-s-fintech/","3 Years","2,00,000","60"
"B.S. (Hons) – CS w/s in Agentic AI","https://www.srmist.edu.in/program/b-s-hons-cs-w-s-in-agentic-ai/","4 Years","2,00,000","30"
"B.S. (Hons) – CS w/s in Big Data Analytics","https://www.srmist.edu.in/program/b-s-hons-cs-w-s-in-big-data-analytics/","4 Years","2,00,000","30"
"B.S. Biotechnology","https://www.srmist.edu.in/program/best-bs-biotechnology-colleges-in-chennai/","4 Years","1,25,000","30"
"B.Sc –  Chemistry With Specialization in Analytical and Industrial Chemistry","https://www.srmist.edu.in/program/b-sc-chemistry-with-specialization-in-analytical-and-industrial-chemistry/","3 Years*","75,000","15"
"B.Sc – Chemistry With Specialization in Chemical Data Sciences","https://www.srmist.edu.in/program/bsc-chemistry-with-specialization-in-chemical-data-sciences/","3 Years*","75,000","15"
"B.Sc – Chemistry With Specialization in Energy Systems","https://www.srmist.edu.in/program/b-sc-chemistry-with-specialization-in-energy-systems/","3 Years*","75,000","15"
"B.Sc – Mathematics","https://www.srmist.edu.in/program/b-sc-mathematics/","3 Years","75000","30"
"B.Sc – Mathematics With Specialization in Computational Finance","https://www.srmist.edu.in/program/b-sc-mathematics-with-specialization-in-computational-finance/","3 Years*","75,000","15"
"B.Sc – Mathematics With Specialization in Industrial Mathematics","https://www.srmist.edu.in/program/b-sc-mathematics-with-specialization-in-industrial-mathematics/","3 Years*","75,000","15"
"B.Sc Biomedical Science","https://www.srmist.edu.in/program/b-sc-biomedical-science/","3 Years","1,25,000","30"
"B.Sc Computer Science w/s in Artificial Intelligence and Machine Learning","https://www.srmist.edu.in/program/b-sc-artificial-intelligence-and-machine-learning/","3 Years","1,50,000","120"
"B.Sc Physics With Specialization in Quantum Computing","https://www.srmist.edu.in/program/bsc-physics-with-specialization-in-quantum-computing/","3 Years*","75,000","15"
"B.Sc. – Physics with Specialization in Emerging Technologies","https://www.srmist.edu.in/program/b-sc-physics-with-specialization-in-emerging-technologies/","3 Years*","75,000","15"
"B.Sc. (Hons.) Agriculture","https://www.srmist.edu.in/program/b-sc-hons-agriculture/","4 Years","1,80,000","240"
"B.Sc. (Hons.) Horticulture","https://www.srmist.edu.in/program/b-sc-hons-horticulture/","4 Years","1,20,000","90"
"B.Sc. Biotechnology","https://www.srmist.edu.in/program/best-b-sc-biotechnology-colleges-in-chennai/","3 Years","1,25,000","100"
"B.Sc. Cardiac Care Technology","https://www.srmist.edu.in/program/b-sc-cardiac-care-technology/","4 Years (3 Years + 1 Year Internship)","1,75,000 ( Fee applicable per annum for 4 years )","30"
"B.Sc. Cardio Perfusion Technology","https://www.srmist.edu.in/program/b-sc-cardio-perfusion-technology/","4 Years (3 Years + 1 Year Internship)","1,75,000 ( Fee applicable per annum for 4 years )","30"
"B.Sc. Computer Science","https://www.srmist.edu.in/program/best-b-sc-computer-science-colleges-chennai/","3 Years","1,25,000","120"
"B.Sc. Computer Science With Specialization in Cyber Security","https://www.srmist.edu.in/program/best-b-sc-computer-science-specialization-in-cyber-security-colleges-chennai/","3 Years","1,25,000","60"
"B.Sc. Critical Care Technology","https://www.srmist.edu.in/program/b-sc-critical-care-technology/","4 Years (3 Years + 1 Year Internship)","1,00,000 ( Fee applicable per annum for 4 years )","15"
"B.Sc. Defence and Strategic Studies","https://www.srmist.edu.in/program/best-b-sc-defence-and-strategic-studies-colleges-in-chennai/","3 Years","75,000","30"
"B.Sc. Economics","https://www.srmist.edu.in/program/b-sc-economics/","3 Years","75,000","30"
"B.Sc. Fashion Designing","https://www.srmist.edu.in/program/best-b-sc-fashion-designing-colleges-in-chennai/","3 Years","1,00,000","50"
"B.Sc. Neuroscience Technology","https://www.srmist.edu.in/program/b-sc-neuro-sciences-technology/","4 Years (3 Years + 1 Year Internship)","90,000 ( Fee applicable per annum for 4 years )","20"
"B.Sc. Nursing","https://www.srmist.edu.in/program/b-sc-nursing/","4 Years","240000","100"
"B.Sc. Physical Education, Health Education and Sports","https://www.srmist.edu.in/program/best-b-sc-physical-education-health-education-and-sports-colleges-in-chennai/","3 Years","75,000","60"
"B.Sc. Psychology","https://www.srmist.edu.in/program/best-b-sc-psychology-colleges-in-chennai/","3 Years","1,25,000","120"
"B.Sc. Statistics","https://www.srmist.edu.in/program/b-sc-statistics/","3 Years","75,000","20"
"B.Sc. Visual Communication","https://www.srmist.edu.in/program/best-b-sc-visual-communication-degree-in-chennai/","3 Years","1,25,000","120"
"B.Tech – Computer Science and Engineering (DevSecOps)","https://www.srmist.edu.in/program/b-tech-computer-science-and-engineering-devsecops/","4 Years","4,25,000","60"
"B.Tech Computer Science And Engineering with Specialization in Artificial Intelligence and Machine Learning","https://www.srmist.edu.in/program/b-tech-cse-with-specialization-in-artificial-intelligence-and-machine-learning/","4 Years","4,75,000","420"
"B.Tech Mathematics and Computing","https://www.srmist.edu.in/program/b-tech-mathematics-and-computing/","4 Years","425000","30"
"B.Tech. Aeronautical Engineering","https://www.srmist.edu.in/program/b-tech-aeronautical-engineering/","4 Years","4,00,000","60"
"B.Tech. Aerospace Engineering","https://www.srmist.edu.in/program/b-tech-aerospace-engineering/","4 Years","4,00,000","120"
"B.Tech. Artificial Intelligence","https://www.srmist.edu.in/program/b-tech-artificial-intelligence/","4 Years","4,75,000","180"
"B.Tech. Automation & Robotics","https://www.srmist.edu.in/program/automation-and-robotics/","4 Years","2,75,000","30"
"B.Tech. Automobile Engineering","https://www.srmist.edu.in/program/b-tech-automobile-engineering/","4 Years","2,75,000","60"
"B.Tech. Automobile Engineering with Specialization in Automotive Electronics","https://www.srmist.edu.in/program/b-tech-automobile-engineering-with-specialization-in-automotive-electronics/","4 Years","2,75,000","30"
"B.Tech. Biomedical Engineering","https://www.srmist.edu.in/program/b-tech-ece-with-specialization-in-biomedical-engineering/","4 Years","2,75,000","90"
"B.Tech. Biotechnology","https://www.srmist.edu.in/program/b-tech-biotechnology/","4 Years","2,75,000","300"
"B.Tech. Biotechnology (Computational Biology)","https://www.srmist.edu.in/program/biotechnology-computational-biology/","4","2,75,000","30"
"B.Tech. Biotechnology with specialization in Genetic Engineering","https://www.srmist.edu.in/program/b-tech-in-biotechnology-with-genetic-engineering-specialization/","4 Years","2,75,000","90"
"B.Tech. Biotechnology with specialization in Regenerative Medicine","https://www.srmist.edu.in/program/b-tech-biotechnology-with-specialization-in-regenerative-medicine/","4 Years","2,75,000","30"
"B.Tech. Chemical Engineering","https://www.srmist.edu.in/program/b-tech-chemical-engineering/","4 Years","2,75,000","60"
"B.Tech. Civil Engineering","https://www.srmist.edu.in/program/b-tech-civil-engineering/","4 Years","2,75,000","90"
"B.Tech. Civil Engineering with Computer Applications","https://www.srmist.edu.in/program/b-tech-civil-engineering-with-computer-applications/","4 Years","2,75,000","30"
"B.Tech. Computer Science and Business Systems (In Collaboration with TCS)","https://www.srmist.edu.in/program/b-tech-computer-science-and-business-systems-tcs/","4 Years","4,25,000","60"
"B.Tech. Computer Science and Engineering","https://www.srmist.edu.in/program/b-tech-computer-science-and-engineering/","4 Years","4,75,000","1140"
"B.Tech. Computer Science And Engineering (Data Science)","https://www.srmist.edu.in/program/b-tech-computer-science-engineering-data-science/","4 Years","4,75,000","120"
"B.Tech. Computer Science And Engineering with Specialization in Big Data Analytics","https://www.srmist.edu.in/program/b-tech-cse-with-specialization-in-big-data-analytics/","4 Years","4,25,000","180"
"B.Tech. Computer Science And Engineering with Specialization in Blockchain Technology","https://www.srmist.edu.in/program/b-tech-cse-with-specialization-in-blockchain-technology/","4 Years","4,25,000","60"
"B.Tech. Computer Science And Engineering with Specialization in Cloud Computing","https://www.srmist.edu.in/program/b-tech-cse-with-specialization-in-cloud-computing/","4 Years","4,25,000","180"
"B.Tech. Computer Science And Engineering with Specialization in Computer Networking","https://www.srmist.edu.in/program/b-tech-cse-with-specialization-in-computer-networking/","4 Years","4,25,000","60"
"B.Tech. Computer Science And Engineering with Specialization in Cyber Security","https://www.srmist.edu.in/program/b-tech-cse-with-with-specialization-in-cyber-security/","4 Years","4,25,000","300"
"B.Tech. Computer Science And Engineering with Specialization in Gaming Technology","https://www.srmist.edu.in/program/b-tech-cse-with-specialization-in-gaming-technology/","4 Years","4,25,000","60"
"B.Tech. Computer Science And Engineering with Specialization in Information Technology","https://www.srmist.edu.in/program/b-tech-cse-with-specialization-in-information-technology-b-tech-information-technology/","4 Years","4,25,000","120"
"B.Tech. Computer Science And Engineering with Specialization in Internet of Things","https://www.srmist.edu.in/program/b-tech-cse-with-specialization-in-internet-of-things/","4 Years","4,25,000","60"
"B.Tech. Computer Science And Engineering with Specialization in Software Engineering","https://www.srmist.edu.in/program/b-tech-cse-with-specialization-in-software-engineering/","4 Years","4,25,000","180"
"B.Tech. Electrical & Electronics Engineering","https://www.srmist.edu.in/program/b-tech-electrical-electronics-engineering/","4 Years","2,75,000","240"
"B.Tech. Electronics & Communication Engineering","https://www.srmist.edu.in/program/b-tech-electronics-communication-engineering/","4 Years","2,75,000","480"
"B.Tech. Electronics And Communication Engineering with Specialization in Cyber Physical Systems","https://www.srmist.edu.in/program/b-tech-ece-with-specialization-in-cyber-physical-systems/","4 Years","2,75,000","30"
"B.Tech. Electronics And Communication Engineering with Specialization in Data Sciences","https://www.srmist.edu.in/program/b-tech-ece-with-specialization-in-data-sciences/","4 Years","2,75,000","60"
"B.Tech. Electronics And Computer Engineering","https://www.srmist.edu.in/program/b-tech-electronics-computer-engineering/","4 Years","2,75,000","60"
"B.Tech. Electronics And Instrumentation Engineering","https://www.srmist.edu.in/program/b-tech-electronics-and-instrumentation-engineering/","4 Years","2,75,000","30"
"B.Tech. Electronics Engineering (VLSI Design and Technology)","https://www.srmist.edu.in/program/b-tech-electronics-engineering-vlsi-system-and-design/","4 Years","2,75,000","30"
"B.Tech. Mechanical Engineering","https://www.srmist.edu.in/program/b-tech-mechanical-engineering/","4 Years","2,75,000","240"
"B.Tech. Mechanical Engineering (Automation and Robotics)","https://www.srmist.edu.in/program/b-tech-mechanical-engineering-with-specialization-in-automation-and-robotics/","4","2,75,000","30"
"B.Tech. Mechanical Engineering with specialization in Artificial Intelligence and Machine Learning","https://www.srmist.edu.in/program/b-tech-mechanical-engineering-with-specialization-in-artificial-intelligence-and-machine-learning/","4 Years","2,75,000","60"
"B.Tech. Mechatronics Engineering","https://www.srmist.edu.in/program/b-tech-mechatronics-engineering/","4 Years","2,75,000","120"
"B.Tech. Mechatronics Engineering with Specialization in Robotics","https://www.srmist.edu.in/program/b-tech-mechatronics-engineering-with-specialization-in-robotics/","4 Years","2,75,000","60"
"B.Tech. Nanotechnology","https://www.srmist.edu.in/program/b-tech-nanotechnology/","4 Years","4,00,000","30"
"Bachelor of Anaesthesia and Operation Theatre Technology","https://www.srmist.edu.in/program/b-sc-operation-theatre-and-anaesthesia-technology/","4 Years (3 Years + 1 Year Internship)","1,75,000 ( Fee applicable per annum for 4 years )","30"
"Bachelor of Dental Surgery","https://www.srmist.edu.in/program/bachelor-of-dental-surgery/","4 Years + 1 year internship","3,90,000",""
"Bachelor of Dialysis Therapy Technology","https://www.srmist.edu.in/program/b-sc-renal-dialysis-technology/","4 Years (3 Years + 1 Year Internship)","1,00,000 ( Fee applicable per annum for 4 years )","30"
"Bachelor of Emergency Medical Technologist (paramedics)","https://www.srmist.edu.in/program/b-sc-accident-and-emergency-care-technology/","4 Years (3 Years + 1 Year Internship)","90,000 ( Fee applicable per annum for 4 years )","15"
"Bachelor of Medical Laboratory Science","https://www.srmist.edu.in/program/b-sc-medical-laboratory-technology/","4 Years (3 Years + 1 Year Internship)","90,000 ( Fee applicable per annum for 4 years )","40"
"Bachelor of Medical Radiology and Imaging Technology","https://www.srmist.edu.in/program/b-sc-medical-imaging-technology/","4 Years (3 Years + 1 Year Internship)","1,50,000 ( Fee applicable per annum for 4 years )","40"
"Bachelor of Nutrition and Dietetics (Honours)*","https://www.srmist.edu.in/program/b-sc-clinical-nutrition-and-dietetics/","3 Years","75,000","20"
"Bachelor of Occupational Therapy","https://www.srmist.edu.in/program/bachelor-of-occupational-therapy/","5 Years (4 Years + 1 Year Internship)","2,70,000 (Fee applicable per annum for 5 years)","100"
"Bachelor of Optometry","https://www.srmist.edu.in/program/b-optom-optometry/","5 Years (4 Years + 1 Year Internship)","1,25,000( Fee applicable per annum for 5 years)","30"
"Bachelor of Physician Associates","https://www.srmist.edu.in/program/b-sc-physician-assistant/","4 Years (3 Years + 1 Year Internship)","1,50,000 ( Fee applicable per annum for 4 years )","30"
"Bachelor of Respiratory Technology","https://www.srmist.edu.in/program/b-sc-respiratory-therapy/","4 Years (3 Years + 1 Year Internship)","1,00,000 ( Fee applicable per annum for 4 years )","20"
"BASLP. Audiology and Speech Language Pathology","https://www.srmist.edu.in/program/b-a-s-l-audiology-and-speech-language-pathology/","4 Years (3 Years + 1 Year Internship)","2,50,000 ( Fee applicable per annum for 4 years )","40"
"BBA – Fintech","https://www.srmist.edu.in/program/bba-fintech/","3 Years*","200000","60"
"BBA. Business Administration","https://www.srmist.edu.in/program/b-b-a-business-administration/","3 Years","180000","300"
"BBA. Data Science","https://www.srmist.edu.in/program/b-b-a-honours-business-administration/","3 Years","180000","60"
"BBA. Digital Marketing","https://www.srmist.edu.in/program/b-b-a-digital-marketing/","3 Years","180000","60"
"BCA – Computer Applications with Specialization in Generative AI","https://www.srmist.edu.in/program/bca-genrative-artificial-intelligence/","3 Years","1,50,000","120"
"BCA Computer Applications","https://www.srmist.edu.in/program/best-b-c-a-computer-applications-colleges-in-chennai/","3 Years","1,25,000","120"
"BCA Data Science","https://www.srmist.edu.in/program/best-b-c-a-data-science-colleges-in-chennai/","3 Years","1,50,000","120"
"Biomedical Engineering (Machine Intelligence)","https://www.srmist.edu.in/program/biomedical-engineering-with-specialization-in-machine-intelligence/","4 Years","2,75,000","30"
"Biotechnology (Food Technology)","https://www.srmist.edu.in/program/biotechnology-with-specialization-in-food-technology/","4 Years","2,75,000","30"
"Certificate Course in Psychological Counselling in Reproductive Medicine","https://www.srmist.edu.in/program/post-graduate-diploma-certificate-course-in-psychological-counselling-in-reproduction-medicine-cpcrm/","6 Months","30,000","2"
"D.M. Cardiology","https://www.srmist.edu.in/program/d-m-cardiology/","3 Years","8,00,000","3"
"D.M. Nephrology","https://www.srmist.edu.in/program/d-m-nephrology/","3 Years","8,00,000","3"
"D.M. Neurology","https://www.srmist.edu.in/program/d-m-neurology/","3 Years","8,00,000","3"
"DGNM – Diploma in General Nursing and Midwifery","https://www.srmist.edu.in/program/diploma-in-nursing-dgnm/","3 Years","60,000","20"
"Diploma in Certified Financial Management","https://www.srmist.edu.in/program/diploma-in-certified-financial-management/","1","15,000","50"
"Diploma in Yoga","https://www.srmist.edu.in/program/diploma-in-yoga/","1 Year","30,000","40"
"DM. Critical Care Medicine","https://www.srmist.edu.in/program/dm-critical-care-medicine/","3 Years","8,00,000","4"
"DM. Medical Gastroenterology","https://www.srmist.edu.in/program/dm-medical-gastroenterology/","3 Years","12,00,000","4"
"Fellowship – Emergency Medicine","https://www.srmist.edu.in/program/fellowship-emergency-medicine/","2 Years","3,00,000","7"
"Fellowship – Reproductive Medicine","https://www.srmist.edu.in/program/fellowship-reproductive-medicine/","1","7,00,000","2"
"LL.B. Bachelor of Legum Baccalaureus (Honours)","https://www.srmist.edu.in/program/bachelor-of-legum-baccalaureus-honours/","3 Years","3,00,000","120"
"LL.M. Corporate Law","https://www.srmist.edu.in/program/llm-corporate-law/","2 Years","120000","40"
"LL.M. Criminal Law and Criminal Justice","https://www.srmist.edu.in/program/llm-criminal-law-and-criminal-justice/","1 Year","150000","40"
"LL.M. Cyber Law and Security","https://www.srmist.edu.in/program/llm-cyber-law-and-security/","2 Years","120000","40"
"LL.M. International Trade Law & IPR","https://www.srmist.edu.in/program/l-l-m-international-trade-law/","1 Year","150000","40"
"M. Tech Computer Science and Engineering","https://www.srmist.edu.in/program/m-tech-computer-science-engineering/","2 Years","1,60,000","60"
"M. Tech Computer Science and Engineering – Specialization in Full Stack Development","https://www.srmist.edu.in/program/m-tech-computer-science-and-engineering-specialization-in-full-stack-development/","2 Years","1,60,000","6"
"M.A. English","https://www.srmist.edu.in/program/best-m-a-english-colleges-in-chennai/","2 Years","75,000","30"
"M.A. Journalism and Mass Communication","https://www.srmist.edu.in/program/best-m-a-journalism-and-mass-communication-colleges-in-chennai/","2 Years","75,000","30"
"M.Arch. Architectural Design","https://www.srmist.edu.in/program/m-arch-master-of-architecture/","2 Years","1,00,000","20"
"M.B.A. Artificial Intelligence and Data Science","https://www.srmist.edu.in/program/m-b-a-artificial-intelligence-and-data-science/","2 Years","4,50,000","120"
"M.B.A. Banking and Financial Services","https://www.srmist.edu.in/program/m-b-a-banking-and-financial-services/","2 Years","4,50,000","120"
"M.B.A. Business Analytics","https://www.srmist.edu.in/program/m-b-a-business-analytics/","2 Years","4,50,000","180"
"M.B.A. Digital Marketing","https://www.srmist.edu.in/program/m-b-a-digital-marketing/","2 Years","4,50,000","60"
"M.B.A. Financial Services along with NSE","https://www.srmist.edu.in/program/mba-financial-services/","2 Years","5,75,000","30"
"M.B.A. Health Care and Hospital Management","https://www.srmist.edu.in/program/m-b-a-health-care-and-hospital-management/","2 Years","4,50,000","30"
"M.B.A. Logistics and Supply Chain Management","https://www.srmist.edu.in/program/m-b-a-logistics-and-supply-chain-management/","2 Years","4,75,000","120"
"M.B.A. Sports Management","https://www.srmist.edu.in/program/mba-sports-management/","2 Years","4,50,000","30"
"M.Ch – Cardiovascular and Thoracic Surgery","https://www.srmist.edu.in/program/m-ch-cardio-vascular-and-thoracic-surgery/","3 Years","1,00,000","1"
"M.Ch Plastic and Reconstructive Surgery","https://www.srmist.edu.in/program/m-ch-plastic-and-reconstructive-surgery/","3 Years","1,00,000","1"
"M.Ch. Cardiothoracic  and Vascular Surgery","https://www.srmist.edu.in/program/m-ch-cardiothoracic-vascular-surgery/","3 Years","No fees","1"
"M.Ch. Neuro – Surgery","https://www.srmist.edu.in/program/m-ch-neuro-surgery/","3 Years","8,00,000","1"
"M.Ch. Paediatric Surgery","https://www.srmist.edu.in/program/m-ch-peadiatric-surgery/","3 Years","1,00,000",""
"M.Ch. Urology","https://www.srmist.edu.in/program/m-ch-urology/","3 Years","12,00,000","3"
"M.Com. Accounting & Finance","https://www.srmist.edu.in/program/best-m-com-accounting-finance-colleges-chennai/","2 Years","75,000","40"
"M.Com. Commerce","https://www.srmist.edu.in/program/best-m-com-commerce-colleges-chennai/","2 Years","75,000","40"
"M.D. Anaesthesiology","https://www.srmist.edu.in/program/m-d-anaesthesiology/","3 Years","35,00,000","15"
"M.D. Anatomy","https://www.srmist.edu.in/program/m-d-anatomy/","3 Years","","4"
"M.D. Biochemistry","https://www.srmist.edu.in/program/m-d-biochemistry/","3 Years","","2"
"M.D. Community Medicine","https://www.srmist.edu.in/program/m-d-community-medicine/","3 Years","8,00,000","13"
"M.D. Dermatology, Venereology and leprosy","https://www.srmist.edu.in/program/m-d-dermatology-venerology-and-leprosy/","3 Years","50,00,000","4"
"M.D. General Medicine","https://www.srmist.edu.in/program/m-d-general-medicine/","3 Years","40,00,000","16"
"M.D. Immuno Haematology & Blood Transfusion","https://www.srmist.edu.in/program/m-d-immuno-haematology-blood-transfusion/","3 Years","10,00,000","3"
"M.D. Microbiology","https://www.srmist.edu.in/program/m-d-microbiology/","3 Years","3,00,000","6"
"M.D. Paediatrics","https://www.srmist.edu.in/program/m-d-paediatrics/","3 Years","40,00,000","6 (Including 2 NRI)"
"M.D. Pathology","https://www.srmist.edu.in/program/m-d-pathology/","3 Years","10,00,000","10"
"M.D. Pharmacology","https://www.srmist.edu.in/program/m-d-pharmacology/","3 Years","3,00,000","8"
"M.D. Physiology","https://www.srmist.edu.in/program/m-d-physiology/","3 Years","","4"
"M.D. Psychiatry","https://www.srmist.edu.in/program/m-d-psychiatry/","3 Years","28,00,000","9"
"M.D. Radio Diagnosis","https://www.srmist.edu.in/program/m-d-radio-diagnosis/","3 Years","50,00,000","4"
"M.D. Respiratory Medicine","https://www.srmist.edu.in/program/m-d-respiratory-medicine/","3 Years","35,00,000","5 (Including 1 NRI)"
"M.D.S. Conservative Dentistry and Endodontics","https://www.srmist.edu.in/program/m-d-s-conservative-dentistry-and-endodontics/","3 Years","14,00,000",""
"M.D.S. Oral and Maxillofacial Surgery","https://www.srmist.edu.in/program/m-d-s-oral-and-maxillofacial-surgery/","3 Years","14,00,000",""
"M.D.S. Oral Medicine & Radiology","https://www.srmist.edu.in/program/m-d-s-oral-medicine-radiology/","3 Years","",""
"M.D.S. Oral Pathology","https://www.srmist.edu.in/program/m-d-s-oral-pathology/","3 Years","",""
"M.D.S. Orthodontics & Dento Facial Orthopeadics","https://www.srmist.edu.in/program/m-d-s-orthodontics-dento-facial-orthopeadics/","3 Years","14,00,000",""
"M.D.S. Paediatric & Preventive Dentistry","https://www.srmist.edu.in/program/m-d-s-paediatric-preventive-dentistry/","3 Years","12,00,000",""
"M.D.S. Periodontics","https://www.srmist.edu.in/program/m-d-s-periodontics/","3 Years","10,00,000",""
"M.D.S. Prosthodontics and Crown & Bridge","https://www.srmist.edu.in/program/m-d-s-prosthodontics-and-crown-bridge/","3 Years","11,00,000",""
"M.D.S. Public Health Dentistry","https://www.srmist.edu.in/program/m-d-s-public-health-dentistry/","3 Years","",""
"M.Des. Public Space Design","https://www.srmist.edu.in/program/m-despublic-space-design/","2 Years","1,75,000","12"
"M.O.T- Musculoskeletal Sciences","https://www.srmist.edu.in/program/m-o-t-orthopaedics/","2 Years","1,75,000","6"
"M.O.T- Paediatrics & Neonatology","https://www.srmist.edu.in/program/m-o-t-paediatrics/","2 Years","2,25,000","8"
"M.O.T. Hand","https://www.srmist.edu.in/program/m-o-t-hand-rehabilitation/","2 Years","1,75,000","6"
"M.O.T. Mental Health","https://www.srmist.edu.in/program/m-o-t-mental-health/","2 Years","2,00,000","8"
"M.O.T. Neurosciences","https://www.srmist.edu.in/program/m-o-t-neurosciences/","2 Years","2,25,000","8"
"M.P.T – Neuroscience","https://www.srmist.edu.in/program/m-p-t-neurology/","2 Years","180000","9"
"M.P.T – Obstetrics and Gynaecology Science","https://www.srmist.edu.in/program/m-p-t-obstetrics-and-gynaecology/","2 Years","180000","7"
"M.P.T – Pediatrics and Neonatal Sciences","https://www.srmist.edu.in/program/m-p-t-paediatric/","2 Years","150000","5"
"M.P.T – Sports Science","https://www.srmist.edu.in/program/m-p-t-sports-physiotherapy/","2 Years","180000","10"
"M.P.T-Cardio-Pulmonary Science","https://www.srmist.edu.in/program/m-p-t-community-rehabilitation/","2 Years","150000","5"
"M.P.T-Community Rehabilitation Sciences","https://www.srmist.edu.in/program/m-p-t-community-rehabilitation-sciences/","2 Years","150,000","3"
"M.P.T-Musculoskeletal Science","https://www.srmist.edu.in/program/m-p-t-orthopaedics/","2 Years","180000","9"
"M.Pharm. Pharmaceutical Analysis","https://www.srmist.edu.in/program/m-pharm-pharmaceutical-analysis/","2 Years","1,75,000","15"
"M.Pharm. Pharmaceutical Chemistry","https://www.srmist.edu.in/program/m-pharm-pharmaceutical-chemistry/","2 Years","1,25,000","10"
"M.Pharm. Pharmaceutical Quality Assurance","https://www.srmist.edu.in/program/m-pharm-pharmaceutical-quality-assurance/","2 years","1,50,000","10"
"M.Pharm. Pharmaceutical Regulatory Affairs","https://www.srmist.edu.in/program/m-pharm-pharmaceutical-regulatory-affairs/","2 Years","2,00,000","15"
"M.Pharm. Pharmaceutics","https://www.srmist.edu.in/program/m-pharm-pharmaceutics/","2 Years","2,25,000","15"
"M.Pharm. Pharmacognosy","https://www.srmist.edu.in/program/m-pharm-pharmacognosy/","2 Years","1,25,000","10"
"M.Pharm. Pharmacology","https://www.srmist.edu.in/program/m-pharm-pharmacology/","2 Years","1,75,000","12"
"M.Pharm. Pharmacy Practice","https://www.srmist.edu.in/program/m-pharm-pharmacy-practice/","2 Years","1,50,000","15"
"M.S Fintech","https://www.srmist.edu.in/program/m-s-fintech/","2 Years","2,50,000","60"
"M.S. – CS w/s in Agentic Artificial Intelligence and Machine Learning","https://www.srmist.edu.in/program/m-s-cs-w-s-in-agentic-artificial-intelligence-and-machine-learning/","2 Years","2,50,000","30"
"M.S. – CS w/s in Data Science","https://www.srmist.edu.in/program/m-s-cs-w-s-in-data-science/","2 Years","2,50,000","30"
"M.S. General Surgery","https://www.srmist.edu.in/program/m-s-general-surgery/","3 Years","40,00,000","20"
"M.S. Obstetrics and Gynaecology","https://www.srmist.edu.in/program/m-s-obstetrics-and-gynaecology/","3 Years","50,00,000","6"
"M.S. Ophthalmology","https://www.srmist.edu.in/program/m-s-ophthalmology/","3 Years","35,00,000","7"
"M.S. Orthopaedics","https://www.srmist.edu.in/program/m-s-orthopaedics/","3 Years","45,00,000","9"
"M.S. Otorhinolaryngology (ENT)","https://www.srmist.edu.in/program/m-s-otorhinolaryngology-ent/","3 Years","35,00,000","11"
"M.Sc – Applied Physics With Specialization in Quantum Technology","https://www.srmist.edu.in/program/m-sc-applied-physics-with-specialization-in-quantum-technology/","2 Years","75,000","15"
"M.Sc – Applied Physics With Specialization in Semiconductor Technology","https://www.srmist.edu.in/program/m-sc-applied-physics-with-specialization-in-semiconductor-technology/","2 Years","75,000","15"
"M.Sc – Mathematics and Computing","https://www.srmist.edu.in/program/m-sc-mathematics-and-computing/","2 Years","75,000","20"
"M.Sc Counselling Psychology","https://www.srmist.edu.in/program/m-sc-counselling-psychology/","2 Years","1,25,000","50"
"M.Sc.  Horticulture – Floriculture and Landscaping","https://www.srmist.edu.in/program/m-sc-horticulture-floriculture-and-landscaping/","2 Years","1,20,000","10"
"M.Sc. Agriculture –  Agricultural Economics","https://www.srmist.edu.in/program/m-sc-agriculture-agricultural-economics/","2 Years","1,20,000","10"
"M.Sc. Agriculture –  Entomology","https://www.srmist.edu.in/program/m-sc-agriculture-entomology/","2 Years","1,20,000","10"
"M.Sc. Agriculture –  Soil Science","https://www.srmist.edu.in/program/m-sc-agriculture-soil-science-and-agricultural-chemistry/","2 Years","1,20,000","10"
"M.Sc. Agriculture – Agricultural Extension Education","https://www.srmist.edu.in/program/m-sc-agriculture-agricultural-extension-education/","2 Years","1,20,000","10"
"M.Sc. Agriculture – Agronomy","https://www.srmist.edu.in/program/m-sc-agriculture-agronomy-2/","2 Years","1,20,000","15"
"M.Sc. Agriculture – Genetics and Plant Breeding","https://www.srmist.edu.in/program/m-sc-agriculture-genetics-and-plant-breeding-2/","2 Years","1,20,000","10"
"M.Sc. Agriculture – Plant Pathology","https://www.srmist.edu.in/program/m-sc-agriculture-plant-pathology/","2 Years","1,20,000","10"
"M.Sc. Applied Data Science","https://www.srmist.edu.in/program/best-m-sc-applied-data-science-colleges-in-chennai/","2 Years","1,50,000","180"
"M.Sc. Audiology","https://www.srmist.edu.in/program/m-sc-audiology/","2 Years","2,50,000","12"
"M.Sc. Biochemistry","https://www.srmist.edu.in/program/best-m-sc-biochemistry-colleges-chennai/","2 Years","1,00,000","30"
"M.Sc. Biostatistics and Epidemiology","https://www.srmist.edu.in/program/msc-biostatistics-and-epidemiology/","2 Years","2,25,000","15"
"M.Sc. Biotechnology","https://www.srmist.edu.in/program/best-m-sc-biotechnology-colleges-in-chennai/","2 Years","1,75,000","100"
"M.Sc. Cardio Perfusion Technology","https://www.srmist.edu.in/program/m-sc-perfusion-technology/","2 Years","1,00,000","5"
"M.Sc. Cardiovascular Sciences (Echocardiography)","https://www.srmist.edu.in/program/m-sc-cardiovascular-sciences-echocardiography/","2 Years","1,00,000","5"
"M.Sc. Chemistry","https://www.srmist.edu.in/program/best-m-sc-chemistry-colleges-chennai/","2 Years","75,000","40"
"M.Sc. Clinical Research","https://www.srmist.edu.in/program/m-sc-clinical-research/","2 Years","1,00,000","5"
"M.Sc. Community Health Nursing","https://www.srmist.edu.in/program/m-sc-community-health-nursing/","2 Years","90,000","5"
"M.Sc. Computer Science","https://www.srmist.edu.in/program/best-m-sc-computer-science-colleges-in-chennai/","2 Years","1,25,000","60"
"M.Sc. Computer Science With Specialization in Full Stack Development","https://www.srmist.edu.in/program/m-sc-computer-science-full-stack-development/","2 Years","1,50,000","30"
"M.Sc. Critical Care Technology","https://www.srmist.edu.in/program/m-sc-critical-care-technology/","2 Years","1,00,000","10"
"M.Sc. Disaster Management (in collaboration with Teesside University, UK)","https://www.srmist.edu.in/program/best-m-sc-disaster-management-colleges-chennai/","2 Years","75,000","20"
"M.Sc. Health Data Science","https://www.srmist.edu.in/program/m-sc-health-data-science/","2 Years","2,25,000","10"
"M.Sc. Horticulture – Fruit Science","https://www.srmist.edu.in/program/m-sc-horticulture-fruit-science-2/","2 Years","1,20,000","10"
"M.Sc. Horticulture – Vegetable Science","https://www.srmist.edu.in/program/m-sc-horticulture-vegetable-science/","2 Years","1,20,000","10"
"M.Sc. Information Technology","https://www.srmist.edu.in/program/best-m-sc-information-technology-colleges-in-chennai/","2 Years","1,25,000","60"
"M.Sc. Mathematics","https://www.srmist.edu.in/program/best-m-sc-mathematics-colleges-chennai/","2 Years","75,000","20"
"M.Sc. Medical Anatomy","https://www.srmist.edu.in/program/m-sc-medical-anatomy/","3 Years","1,00,000","5"
"M.Sc. Medical Biochemistry","https://www.srmist.edu.in/program/m-sc-medical-biochemistry/","3 Years","1,00,000","10"
"M.Sc. Medical Microbiology","https://www.srmist.edu.in/program/m-sc-medical-microbiology/","3 Years","2,00,000","10"
"M.Sc. Medical Physiology","https://www.srmist.edu.in/program/m-sc-medical-physiology/","3 Years","1,00,000","5"
"M.Sc. Medical Surgical Nursing","https://www.srmist.edu.in/program/m-sc-medical-surgical-nursing/","2 Years","90,000","5"
"M.Sc. Neuroscience Technology","https://www.srmist.edu.in/program/m-sc-neuroscience-technology/","2 Years","1,00,000","5"
"M.Sc. Nurse Practitioner in Critical Care (NPCC)","https://www.srmist.edu.in/program/m-sc-nurse-practitioner-in-critical-care-npcc/","2 Years","1,50,000","10"
"M.Sc. Obstertrics and Gynaecology Nursing","https://www.srmist.edu.in/program/m-sc-obstertrics-and-gynaecology-nursing/","2 Years","90,000","5"
"M.Sc. Organic Chemistry","https://www.srmist.edu.in/program/best-m-sc-organic-chemistry-colleges-chennai/","2 Years","75,000","30"
"M.Sc. Paediatric Nursing","https://www.srmist.edu.in/program/m-sc-paediatric-nursing/","2 Years","90,000","5"
"M.Sc. Physics","https://www.srmist.edu.in/program/best-m-sc-physics-colleges-in-chennai/","2 Years","75000","50"
"M.Sc. Psychiatric Nursing","https://www.srmist.edu.in/program/m-sc-psychiatric-nursing/","2 Years","90,000","5"
"M.Sc. Speech Language and Pathology","https://www.srmist.edu.in/program/m-sc-speech-language-and-pathology/","2 Years","2,50,000","12"
"M.Sc. Sports and Exercise Psychology","https://www.srmist.edu.in/program/m-sc-sports-and-exercise-psychology/","2 Years","1,00,000","5"
"M.Sc. Urology Technology","https://www.srmist.edu.in/program/m-sc-urology-technology/","2 Years","1,00,000","5"
"M.Sc. Visual Communication","https://www.srmist.edu.in/program/best-m-sc-visual-communication-course-in-chennai/","2 Years","1,25,000","30"
"M.Sc. Yoga","https://www.srmist.edu.in/program/m-sc-yoga/","2 Years","75,000","20"
"M.Tech. (Integrated) – Artificial Intelligence","https://www.srmist.edu.in/program/m-techintegrated-artificial-intelligence/","5 Years","4,75,000","60"
"M.Tech. (Integrated) – Computer Science and Engineering","https://www.srmist.edu.in/program/integrated-m-tech-computer-science-and-engineering-full-time/","5 Years","4,75,000","30"
"M.Tech. (Integrated) – Computer Science And Engineering with Specialization in Cyber Security and Digital Forensics","https://www.srmist.edu.in/program/m-tech-integrated-cse-with-specialization-in-c/","5 Years","4,75,000","30"
"M.Tech. (Integrated) – Computer Science And Engineering with Specialization in Data Science","https://www.srmist.edu.in/program/m-tech-integrated-cse-with-specialization-in-data-science/","5 Years","4,75,000","60"
"M.Tech. (Integrated) – Electronics And Communication Engineering with Specialization in Micro Electronics System Design","https://www.srmist.edu.in/program/m-tech-integrated-ece-with-specialization-in-micro-electronics-system-design/","5 Years","2,75,000","20"
"M.Tech. (Integrated) – Material Science and Engineering","https://www.srmist.edu.in/program/integrated-m-tech-in-material-science-and-engineering/","5 years","2,75,000","15"
"M.Tech. (Integrated) – Mechanical Engineering","https://www.srmist.edu.in/program/m-tech-integrated-mechanical-engineering/","5 Years","2,75,000","30"
"M.Tech. Aerospace Engineering","https://www.srmist.edu.in/program/m-tech-aerospace-engineering-full-time/","2 Years","160000","18"
"M.Tech. Artificial Intelligence","https://www.srmist.edu.in/program/m-tech-in-artificial-intelligence/","3 Years","5,00,000 (for the entire programme)","120"
"M.Tech. Artificial Intelligence & Data Science","https://www.srmist.edu.in/program/m-tech-in-artificial-intelligence-and-data-science/","3 Years","5,00,000 (for the entire programme)","120"
"M.Tech. Automation and Robotics (Industry supported program)","https://www.srmist.edu.in/program/m-tech-automation-and-robotics-industry-supported-program/","2 year","1,60,000","12"
"M.Tech. Automotive Hybrid Systems Engineering (For working professionals)","https://www.srmist.edu.in/program/m-tech-automotive-hybrid-systems-engineering/","2 Years","1,60,000","6"
"M.Tech. Automotive Technology (ARAI)","https://www.srmist.edu.in/program/m-tech-in-automotive-technology/","2 Years","1,74,400","18"
"M.Tech. Big Data Analytics","https://www.srmist.edu.in/program/m-tech-in-big-data-analytics/","3 Years","5,00,000 (for the entire programme)","9"
"M.Tech. Big Data Analytics","https://www.srmist.edu.in/program/m-tech-big-data-analytics/","2 Years","160000","10"
"M.Tech. Bio Technology","https://www.srmist.edu.in/program/m-tech-bio-technology/","2 Years","1,60,000","30"
"M.Tech. Biomedical Engineering","https://www.srmist.edu.in/program/m-tech-bio-medical/","2 Years","1,60,000","24"
"M.Tech. Chemical Engineering","https://www.srmist.edu.in/program/m-tech-chemical-engineering/","2 Years","1,60,000","12"
"M.Tech. Cloud Computing","https://www.srmist.edu.in/program/m-tech-cloud-computing/","2 Years","1,60,000","36"
"M.Tech. Cloud Computing and Block Chain","https://www.srmist.edu.in/program/m-tech-cloud-computing-and-block-chain-empowered-by-great-learning/","3","5,00,000 (for the entire programme)","30"
"M.Tech. Computer Aided Design","https://www.srmist.edu.in/program/m-tech-computer-aided-design/","2 Years","1,60,000","12"
"M.Tech. Computer Science and Engineering","https://www.srmist.edu.in/program/m-tech-computer-science-and-engineering/","3 Years","5,00,000 (for the entire programme)","60"
"M.Tech. Computer science and Engineering with Specialization in Full Stack","https://www.srmist.edu.in/program/mtech-cse-with-specialization-in-full-stack-empowered-by-great-learning/","3 Years","5,00,000 (for the entire programme)","6"
"M.Tech. Construction Engineering & Management","https://www.srmist.edu.in/program/m-tech-construction-engineering-management/","2 Years","1,60,000","48"
"M.Tech. Electric Vehicle Technology","https://www.srmist.edu.in/program/m-tech-electric-vehicle-technology-in-collaboration-with-valeo/","2 Years","1,60,000","18"
"M.Tech. Embedded System Technology","https://www.srmist.edu.in/program/m-tech-embedded-systems-technology/","2 Years","1,60,000","12"
"M.Tech. Environmental Engineering","https://www.srmist.edu.in/program/m-tech-environmental-engineering/","2 Years","1,60,000","12"
"M.Tech. Financial Technologies","https://www.srmist.edu.in/program/m-tech-financial-technologies/","2 Years","1,60,000","30"
"M.Tech. Food and Nutritional Biotechnology","https://www.srmist.edu.in/program/m-tech-food-and-nutritional-biotechnology/","2 Years","1,60,000","24"
"M.Tech. Food Safety and Quality Management","https://www.srmist.edu.in/program/m-tech-food-safety-and-quality-management/","2 Years","1,60,000","24"
"M.Tech. Genetic Engineering","https://www.srmist.edu.in/program/m-tech-genetic-engineering/","2 Years","1,60,000","30"
"M.Tech. Geotechnical Engineering","https://www.srmist.edu.in/program/m-tech-geotechnical-engineering/","2 Years","1,60,000","12"
"M.Tech. IC Design and Technology","https://www.srmist.edu.in/program/m-tech-ic-design-and-technology/","2 Years","160000","5"
"M.Tech. Information Security and Cyber Forensics","https://www.srmist.edu.in/program/m-tech-information-security-and-cyber-forensics/","2 Years","1,60,000","30"
"M.Tech. Internet of Things","https://www.srmist.edu.in/program/m-tech-internet-of-things/","2 Years","1,60,000","12"
"M.Tech. Mechatronics Engineering","https://www.srmist.edu.in/program/m-tech-mechatronics/","2 Years","1,60,000","12"
"M.Tech. Nanotechnology","https://www.srmist.edu.in/program/m-tech-nanotechnology/","2 Years","1,60,000","6"
"M.Tech. Power Electronics and Drives","https://www.srmist.edu.in/program/m-tech-power-electronics-and-drives/","2 Years","1,60,000","12"
"M.Tech. Power Systems","https://www.srmist.edu.in/program/m-tech-power-systems/","2 Years","1,60,000","12"
"M.Tech. Remote Sensing & Geographic Information System","https://www.srmist.edu.in/program/m-tech-remote-sensing-geographic-information-system/","2 Years","1,60,000","12"
"M.Tech. Robotics","https://www.srmist.edu.in/program/m-tech-robotics/","2 Years","1,60,000","12"
"M.Tech. Solar Energy","https://www.srmist.edu.in/program/m-tech-solar-energy/","2 Years","1,60,000","12"
"M.Tech. Structural Engineering","https://www.srmist.edu.in/program/m-tech-structural-engineering/","2 Years","1,60,000","48"
"M.Tech. Thermal Engineering with specialization in Renewable energy/Electronics Cooling/Gas Dynamics/Computational Fluid Dynamics","https://www.srmist.edu.in/program/m-tech-thermal-engineering-with-specialization-in-renewable-energy/","2 Years","1,60,000","12"
"M.Tech. VLSI Design","https://www.srmist.edu.in/program/m-tech-vlsi-design/","2 Years","1,60,000","12"
"M.Tech. Wireless Communication Technology (Full Time)","https://www.srmist.edu.in/program/m-tech-wireless-communication-full-time/","2 Years","160000","12"
"Master of Advance Care Paramedics","https://www.srmist.edu.in/program/m-sc-trauma-care-management/","2 Years","1,00,000","5"
"Master of Anaesthesia and operation Theatre Technology","https://www.srmist.edu.in/program/m-sc-anaesthesia-technology/","2 Years","1,25,000","15"
"Master of Dialysis Therapy","https://www.srmist.edu.in/program/m-sc-renal-science-and-dialysis-technology/","2 Years","1,25,000","10"
"Master of Medical Laboratory Science","https://www.srmist.edu.in/program/m-sc-medical-laboratory-technology/","2 Years","1,00,000","5"
"Master of Medical Radiology and Imaging Technology","https://www.srmist.edu.in/program/m-sc-medical-imaging-technology/","2 Years","150000","5"
"Master of Optometry","https://www.srmist.edu.in/program/m-optm-optometry/","2 Years","1,50,000","10"
"Master of Respiratory Technology","https://www.srmist.edu.in/program/m-sc-respiratory-therapy/","2 Years","1,00,000","5"
"Master of Social Work (MSW)","https://www.srmist.edu.in/program/master-of-social-work-msw/","2 Years","1,00,000","50"
"Masters of Nutrition and Dietetics","https://www.srmist.edu.in/program/m-sc-clinical-nutrition-and-dietetics/","2 Years","1,50,000","20"
"MBA. Business Administration","https://www.srmist.edu.in/program/m-b-a-business-administration/","2 Years","450000","420"
"MBBS Bachelor of Medicine and Bachelor of Surgery","https://www.srmist.edu.in/program/mbbs-bachelor-of-medicine-and-bachelor-of-surgery/","4 1/2 years +1 year Internship","28,00,000","250 (Including 3 NRI)"
"MCA. Computer Applications","https://www.srmist.edu.in/program/best-mca-computer-applications-colleges-in-chennai/","2 Years","1,75,000","420"
"MCA. Computer Applications  with specialization in Generative AI","https://www.srmist.edu.in/program/m-c-a-generative-ai/","2 Years","1,75,000","240"
"MD. Emergency Medicine","https://www.srmist.edu.in/program/md-emergency-medicine/","3 Years","35,00,000","5"
"MD. Forensic Medicine &  Toxicology","https://www.srmist.edu.in/program/md-forensic-medicine-toxicology/","3 Years","3,00,000","5"
"MHA. Hospital Administration","https://www.srmist.edu.in/program/mha-hospital-administration/","2 Years","1,75,000","30"
"Minor Degree in Additive Manufacturing","https://www.srmist.edu.in/program/additive-manufacturing/","","7,500 per subject",""
"Minor Degree in Artificial Intelligence and Machine Learning","https://www.srmist.edu.in/program/artificial-intelligence-and-machine-learning/","","7,500 per subject",""
"Minor Degree in Assistive Technology Engineering","https://www.srmist.edu.in/program/assistive-technology-engineering/","","7,500 per subject",""
"Minor Degree in Automation in Electronics Manufacturing","https://www.srmist.edu.in/program/automation-in-electronics-manufacturing/","","7,500 per subject",""
"Minor Degree in Biosustainability","https://www.srmist.edu.in/program/biosustainability/","","7,500 per subject",""
"Minor Degree in Computer Science and Engineering","https://www.srmist.edu.in/program/computer-science-and-engineering/","","7,500 per subject",""
"Minor Degree in Computer-Aided Diagnostics","https://www.srmist.edu.in/program/computer-aided-diagnostics/","","7,500 per subject",""
"Minor Degree in Cyber Security","https://www.srmist.edu.in/program/cyber-security/","","7,500 per subject",""
"Minor Degree in Data Science","https://www.srmist.edu.in/program/data-science/","","7,500 per subject",""
"Minor Degree in Drone Technology","https://www.srmist.edu.in/program/drone-technology/","","7,500 per subject",""
"Minor Degree in Electric Vehicle Technology","https://www.srmist.edu.in/program/electric-vehicle-technology/","","7,500 per subject",""
"Minor Degree in Electronic Cooling","https://www.srmist.edu.in/program/electronic-cooling/","","7,500 per subject",""
"Minor Degree in Embedded System","https://www.srmist.edu.in/program/embedded-system/","","7,500 per subject",""
"Minor Degree in Full Stack Development","https://www.srmist.edu.in/program/full-stack-development/","","7,500 per subject",""
"Minor Degree in Green Energy and Environmental Engineering","https://www.srmist.edu.in/program/green-energy-and-environmental-engineering/","","7,500 per subject",""
"Minor Degree in Imaging Sciences and Machine Vision","https://www.srmist.edu.in/program/imaging-sciences-and-machine-vision/","","7,500 per subject",""
"Minor Degree in Immersive Technologies","https://www.srmist.edu.in/program/immersive-technologies-2/","","7,500 per subject",""
"Minor Degree in Industrial Automation","https://www.srmist.edu.in/program/minor-degree-in-industrial-automation/","","7,500 per subject",""
"Minor Degree in Internet of Things","https://www.srmist.edu.in/program/internet-of-things-iot/","","7,500 per subject",""
"Minor Degree in Mechatronics Engineering","https://www.srmist.edu.in/program/mechatronics-engineering/","","7,500 per subject",""
"Minor Degree in Medical Device Technology","https://www.srmist.edu.in/program/medical-device-technology/","","7,500 per subject",""
"Minor Degree in Quantum Technologies","https://www.srmist.edu.in/program/minor-degree-in-quantum-technologies/","","7,500 per subject",""
"Minor Degree in Robotics","https://www.srmist.edu.in/program/robotics/","","7,500 per subject",""
"Minor Degree in Semiconductor Process Engineering","https://www.srmist.edu.in/program/semiconductor-process-engineering/","","7,500 per subject",""
"Minor Degree in Semiconductor Technology","https://www.srmist.edu.in/program/semiconductor-technology/","","7,500 per subject",""
"Minor Degree in Space Technology","https://www.srmist.edu.in/program/space-technology/","","7,500 per subject",""
"MMS – Masters of Management Studies","https://www.srmist.edu.in/program/m-b-a-masters-of-management-studies/","2 Years","250000","30"
"MPH – Applied Health Research","https://www.srmist.edu.in/program/mph-applied-health-research/","2 Years","225000","10"
"MPH – Master of Public Health","https://www.srmist.edu.in/program/master-of-public-health-mph/","2 Years","2,25,000","40"
"MPH (Integrated) – Public Health","https://www.srmist.edu.in/program/integrated-master-of-public-health/","5 Years","1,50,000 (per year for the first 3 years) 2,25,000 (per year for the 4th and 5th years)","20"
"MPP – Master of Public Policy","https://www.srmist.edu.in/program/mpp-master-of-public-policy/","2 Years","3,00,000","50"
"P.B.B.Sc. Nursing","https://www.srmist.edu.in/program/pbb-sc-nursing/","2 Years","60,000","30"
"PG Diploma in Culinary Arts","https://www.srmist.edu.in/program/pg-diploma-culinary-arts/","1 Year","INR 1,20,000/- ( GENERAL ) INR 1,00,000/-( SRMIHM STUDENTS )",""
"PG Diploma in Genetic Counseling","https://www.srmist.edu.in/program/pg-diploma-in-genetic-counseling/","1 Year","70000","10"
"PG Diploma in Journalism and Mass Communication","https://www.srmist.edu.in/program/pg-diploma-in-journalism-and-mass-communication/","2 Years","1,00,000","20"
"PGDCE Post Graduate Diploma in Clinical Embryology","https://www.srmist.edu.in/program/post-graduate-diploma-clinical-embryology/","1 Years","3,00,000","2"
"Ph.D. Clinical Psychology","https://www.srmist.edu.in/program/ph-d-clinical-psychology/","3-5 Years","15,000",""
"Ph.D. Defence and Strategic Studies","https://www.srmist.edu.in/program/ph-d-in-defence-and-strategic-studies/","3-5 Years","15,000",""
"Ph.D. Economics","https://www.srmist.edu.in/program/ph-d-in-economics/","3 – 5 years","15,000",""
"Ph.D. Journalism and Mass Communication","https://www.srmist.edu.in/program/ph-d-journalism-and-mass-communication/","3-5 Years","15,000",""
"Ph.D. Occupational Therapy","https://www.srmist.edu.in/program/ph-d-occupational-therapy/","3 to 5 years","15,000",""
"Ph.D. Optometry","https://www.srmist.edu.in/program/ph-d-optometry/","3-5 Years","15,000",""
"Ph.D. Physiotherapy","https://www.srmist.edu.in/program/ph-d-physiotherapy/","3 - 5 years","30,000",""
"Ph.D. Tamil","https://www.srmist.edu.in/program/ph-d-in-tamil/","3-5 Years","",""
"Ph.D. Visual Communication","https://www.srmist.edu.in/program/ph-d-visual-communication/","3-5 Years","15,000",""
"Ph.D. Yoga","https://www.srmist.edu.in/program/ph-d-in-yoga/","3-5 Years","15,000",""
"Pharm.D – Doctor of Pharmacy (Post Baccalaureate)","https://www.srmist.edu.in/program/pharm-d/","3 Years (2 Years + 1 Year Internship)","2,50,000 Lakhs per year (Including Internship)","10"
"Pharm.D. Doctor of Pharmacy","https://www.srmist.edu.in/program/pharmd-doctor-of-pharmacy/","6 Years (5 Years + 1 Year Internship)","5,00,000 lakhs per year (Including Internship)","30"
"PhD. Aerospace Engineering (Full Time)","https://www.srmist.edu.in/program/phd-aerospace-engineering/","3-5 years","30,000",""
"PhD. Agronomy","https://www.srmist.edu.in/program/phd-agronomy/","3-5 years","30,000",""
"PhD. Architecture and Interior Design","https://www.srmist.edu.in/program/ph-d-in-architecture-and-interior-design/","3-5 Years","30,000",""
"PhD. Automobile Engineering","https://www.srmist.edu.in/program/ph-d-in-automobile-engineering/","3-5 Years","30,000",""
"PhD. Biochemistry","https://www.srmist.edu.in/program/ph-d-in-biochemistry/","3-5 Years","15,000",""
"PhD. Biomedical Engineering","https://www.srmist.edu.in/program/phd-in-biomedical-engineering/","3 - 5 Years","",""
"PhD. Biotechnology","https://www.srmist.edu.in/program/phd-in-biotechnology/","3-5 Years","15,000",""
"PhD. Biotechnology","https://www.srmist.edu.in/program/regular-phd/","3 Years","25000","2"
"PhD. Chemical Engineering","https://www.srmist.edu.in/program/ph-d-in-chemical-engineering/","3-5 Years","30,000 INR",""
"PhD. Chemistry","https://www.srmist.edu.in/program/ph-d-chemistry/","3-5 Years","30,000",""
"PhD. Civil Engineering (Full Time)","https://www.srmist.edu.in/program/ph-d-in-civil-engineeringfull-time/","3-5 Years","30,000",""
"PhD. Computer Applications","https://www.srmist.edu.in/program/ph-d-in-computer-applications/","3-5 Years","15,000",""
"PhD. Computer Science and Engineering (Full Time)","https://www.srmist.edu.in/program/ph-d-in-computer-science-and-engineering/","3-5 Years","30,000",""
"PhD. Electrical & Electronics Engineering","https://www.srmist.edu.in/program/ph-d-in-electrical-electronics-engineering/","3-5 Years","30,000",""
"PhD. Electronics and Communication Engineering","https://www.srmist.edu.in/program/ph-d-in-electronics-and-communication-engineering/","3-5 Years","30,000",""
"PhD. Electronics and Instrumentation Engineering – Part Time (External)","https://www.srmist.edu.in/program/ph-d-in-electronics-and-instrumentation-engineering-part-timeexternal/","3-6 Years","25000",""
"PhD. Electronics and Instrumentation Engineering (Full Time)","https://www.srmist.edu.in/program/ph-d-in-electronics-and-instrumentation-engineering-full-time/","3-5 Years","INR 30,000",""
"PhD. English","https://www.srmist.edu.in/program/ph-d-in-english/","3-5 Years","",""
"PhD. Food Process Engineering(Full Time)","https://www.srmist.edu.in/program/ph-d-in-food-process-engineeringfull-time/","3-5 Years","30,000",""
"PhD. Fruit Science","https://www.srmist.edu.in/program/phd-fruit-science/","3-5 years","30,000",""
"PhD. Genetic Engineering (Full Time)","https://www.srmist.edu.in/program/phd-in-genetic-engineering/","3-5 Years","30,000",""
"PhD. Genetics & Plant Breeding","https://www.srmist.edu.in/program/phd-genetics-plant-breeding/","3-5 years","30,000",""
"PhD. Language, Linguistics and Literature – Full Time","https://www.srmist.edu.in/program/ph-d-language-linguistics-and-literature/","3-5 years","30,000",""
"PhD. Management","https://www.srmist.edu.in/program/phd-in-management/","3-5 Years","15,000",""
"PhD. Mathematics","https://www.srmist.edu.in/program/ph-d-in-mathematics/","3-5","15,000",""
"PhD. Mechanical Engineering (Full Time)","https://www.srmist.edu.in/program/ph-d-in-mechanical-engineering-full-time/","3-5 Years","30,000",""
"PhD. Mechatronics Engineering (Full Time)","https://www.srmist.edu.in/program/ph-d-in-mechatronics-engineering-full-time/","3-5 Years","30,000",""
"PhD. Nanotechnology (Full Time)","https://www.srmist.edu.in/program/ph-d-in-nanotechnology-full-time/","3-5 Years","30,000",""
"PhD. Pharmacy","https://www.srmist.edu.in/program/ph-d-in-pharmacy/","3-5 Years","15,000",""
"PhD. Physics (Full Time)","https://www.srmist.edu.in/program/ph-d-in-physics-full-time/","3-5 Years","15,000",""
"PhD. Psychology","https://www.srmist.edu.in/program/ph-d-in-psychology/","3-5 Years","15,000",""
"PhD. Public Health","https://www.srmist.edu.in/program/ph-d-public-health/","3-5 Years","15,000",""
"PhD. Social Work","https://www.srmist.edu.in/program/phd-in-social-work/","3-5 Years","15,000",""
"Post Basic Diploma Critical Care Nursing","https://www.srmist.edu.in/program/post-basic-diploma-critical-care-nursing/","1 Years","35,000","5"
"Post Basic Diploma Emergency and Disaster Nursing","https://www.srmist.edu.in/program/post-basic-diploma-emergency-and-disaster-nursing/","1 Year","35,000","5"
"Post Basic Diploma Operation Room Nursing","https://www.srmist.edu.in/program/post-basic-diploma-operation-room-nursing/","1 Year","35,000","5"
"Post Graduate Diploma in Management for Executives (PGDM-X)","https://www.srmist.edu.in/program/post-graduate-diploma-in-management-for-executives-pgdm-x/","15 Months","12,80,000","30"